id,date,title,review,mark,model
1,2025-03-04,Обзор Jetour Shanhai L7: плюсы и минусы,"Jetour Shanhai L7 выделяется на рынке гибридных кроссоверов сочетанием современных технологий, продуманного дизайна и доступной цены, однако имеет ряд особенностей, которые стоит учесть перед покупкой. На основе анализа отзывов и обзоров выделим ключевые преимущества и недостатки модели. --- Плюсы автомобиля 1. Экономичность и запас хода Гибридная система Kunpeng C-DM с 1.5-литровым турбодвигателем (156 л.с.) и электромотором (271 л.с.) обеспечивает: - Запас хода до 1300 км в гибридном режиме . - Расход топлива 1.35–5.18 л/100 км в зависимости от режима . - 120 км пробега на чистой электротяге (CLTC), что удобно для города . 2. Технологичное оснащение - Система автономного вождения уровня L2 с адаптивным круиз-контролем и удержанием в полосе . - Два 12.3-дюймовых экрана (приборная панель и мультимедиа) . - Управление через мобильное приложение (запуск двигателя, кондиционер) . 3. Просторный салон - Варианты компоновки: 5- или 7-местный . - Вместительный багажник до 1688 л со сложенными сиденьями . - Вентиляция и подогрев сидений в топовых комплектациях . 4. Дизайн и комфорт - Минималистичный интерьер с кожей и мягкими материалами . - Хорошая шумоизоляция . - Электропривод двери багажника и обогрев зеркал . --- Минусы и проблемы 1. Динамика и управление - Передний привод ограничивает возможности на бездорожье . - Задержки при переключении передач в гибридной трансмиссии DHT при резком ускорении . - Легкий руль даже в режиме «Спорт» . 2. Качество сборки и электроника - Ненадежная работа системы контроля слепых зон . - Проблемы с переводом меню мультимедиа на русский язык . - Низкое качество изображения камер кругового обзора . 3. Эргономика - Короткие подушки передних сидений . - Отсутствие поясничной поддержки у водительского кресла . 4. Подвеска - Чрезмерно мягкая настройка, что вызывает крены в поворотах . - Чувствительная система ESP, затрудняющая движение по снегу . 5. Надежность (на основе отзывов о предыдущих моделях Jetour) - Проблемы с коробкой передач (затрудненное включение первой и задней скорости) . - Частые мелкие неисправности электроники . --- Итог Jetour Shanhai L7 подойдет тем, кто ищет экономичный семейный кроссовер с современным оснащением и стильным дизайном. Однако перед покупкой стоит провести тест-драйв, чтобы оценить работу трансмиссии и электронных систем. Модель конкурирует с Chery Tiggo 8 Pro, но предлагает более выгодную цену (от 1.73 млн рублей) . Если бюджет ограничен, а требования к внедорожным возможностям минимальны — Shanhai L7 станет удачным выбором.",Jetour,Shanhai L7
2,2025-03-04,Обзор Geely Emgrand: плюсы и минусы,"Geely Emgrand выделяется как доступный седан с рядом преимуществ, но имеет и заметные недостатки. Основные моменты, отмеченные владельцами, можно структурировать следующим образом:

#Плюсы  
1. Соотношение цены и качества  
   — При стоимости от 1,6 млн рублей (в Беларуси) автомобиль предлагает хорошую комплектацию: панорамная камера, круиз-контроль, голосовое управление, бесключевой доступ.  
   — Мягкая обивка салона и удобные сиденья с поясничной поддержкой.  

2. Экономичность  
   — Средний расход топлива — 6,5–7,5 л/100 км в городе, на трассе — около 5 л.  

3. Практичность  
   — Вместительный багажник (500 л) с возможностью складывания задних сидений.  
   — Просторный салон с кондиционером для задних пассажиров и USB-разъемами.  

4. Надежность агрегатов  
   — Двигатель 1.5 л (103–127 л.с.) и вариатор демонстрируют стабильную работу, хотя и не отличаются динамикой.  

---

#Минусы  
1. Динамика и управление  
   — Разгон до 100 км/ч занимает 12–14 секунд, что критикуется владельцами.  
   — Шум от шин и ветра на скорости выше 60 км/ч требует включения музыки для комфорта.  

2. Качество материалов и сборки  
   — Коррозия трапеции стеклоочистителя из-за реагентов.  
   — Быстрый износ пластика в салоне и скрипы при проезде неровностей.  

3. Ограничения в комплектации  
   — Отсутствие подогрева сидений в базовых версиях и защитного пыльника двигателя.  
   — Мультимедийная система без навигации, Apple CarPlay/Android Auto.  

4. Эргономика  
   — Низкая посадка водителя и выступающий центральный тоннель усложняют длительные поездки.  
   — Клиренс 150 мм (при полной загрузке — 122 мм) ограничивает проходимость.  

---

#Итог  
Geely Emgrand подходит для городской эксплуатации благодаря экономичности и практичности, но уступает конкурентам в динамике и уровне шумоизоляции. Если бюджет ограничен, а требования к комфорту умеренные, этот седан станет рациональным выбором. Однако при частых поездках по плохим дорогам или необходимости в динамичной езде стоит рассмотреть альтернативы.",Geely,Emgrand
3,2025-03-04,Обзор Xiaomi SU7: плюсы и минусы,"Xiaomi SU7, первый электромобиль компании, сочетает инновационные технологии и спортивный дизайн, но сталкивается с рядом проблем, выявленных владельцами. Вот основные преимущества и недостатки на основе отзывов:

---

=== # Плюсы   ===

1. Динамические характеристики  
   - Разгон до 100 км/ч за 2.78 секунды (версия Max) и максимальная скорость 265–270 км/ч.  
   - Полный привод и пневмоподвеска обеспечивают устойчивость и точное управление, сравнимое с BMW 3 серии.  

2. Дизайн и экстерьер  
   - Спортивный облик с автоматическим спойлером и полускрытыми дверными ручками.  
   - Панорамная крыша с защитой от ультрафиолета на 99.9%.  

3. Технологии и интерьер  
   - 16.1-дюймовый 3K-экран с голосовым управлением и интеграцией со смартфонами Xiaomi.  
   - Кожаные сиденья Nappa с поддержкой в поворотах.  
   - Система кругового обзора с 25 камерами.  

4. Экономичность  
   - Запас хода до 800 км (версия Max) и низкие расходы на обслуживание.  

---

=== # Минусы   ===

1. Технические проблемы  
   - Сбои OTA-обновлений при замене деталей на неоригинальные.  
   - Поломки на ранних пробегах (случай с ошибкой привода после 39 км).  

2. Эргономика и комфорт  
   - Высокая посадка водителя и отсутствие шторки у панорамной крыши.  
   - Низкая шумоизоляция из-за бескаркасных дверей.  
   - Ограниченное пространство над головой для высоких водителей.  

3. Практические недостатки  
   - Широкий кузов (1996 мм), усложняющий парковку.  
   - Риск затопления переднего багажника (105 л) при сильном дожде.  
   - Дорогой ремонт (до 200 тыс. рублей за замену батареи).  

4. Программные недочеты  
   - Нестабильная работа системы автоматической парковки.  
   - Отсутствие русификации интерфейса.  

---

=== # Итог   ===

Xiaomi SU7 предлагает впечатляющую производительность и современный дизайн, но страдает от «болезней роста»: ненадежности ПО, сложностей с обслуживанием и неудобств в повседневной эксплуатации. Модель подойдет ценителям технологий, готовым мириться с недостатками ради уникального опыта, но для семейного использования или длительных поездок стоит рассмотреть более проверенные аналоги.",Xiaomi,SU7
4,2025-03-04,Обзор BAIC BJ60: плюсы и минусы,"BAIC BJ60 — рамный внедорожник, который вызывает неоднозначные оценки владельцев. На основе анализа отзывов выделим ключевые преимущества и недостатки модели.

Плюсы BAIC BJ60
1. Внешний вид и дизайн  
   Владельцы отмечают мощный, агрессивный экстерьер с яркими деталями (например, серебристая решетка радиатора и выносное запасное колесо). Высота кузова (1 925 мм) и габариты придают автомобилю солидность.

2. Комфортный интерьер  
   - Кожаная отделка сидений с регулируемой поясничной поддержкой.  
   - Проекционный дисплей с настройкой яркости и высоты.  
   - Хорошая шумоизоляция (особенно в передней части).  
   - Просторный салон: при сложенных задних сиденьях образуется пространство для сна.

3. Технические характеристики  
   - Дизельный двигатель 2.0 л (163 л.с.) с расходом 8.7 л/100 км.  
   - Полный привод Part-Time с блокировками дифференциалов и понижающей передачей.  
   - Высокий клиренс (750 мм глубина брода).

4. Безопасность  
   - 6 подушек безопасности, адаптивный круиз-контроль и система экстренного торможения.  
   - Кузов из высокопрочной стали.

Минусы BAIC BJ60
1. Проблемы с трансмиссией и управлением  
   - Резкое автоматическое торможение в системе ACC.  
   - Вибрации на скоростях 100–130 км/ч из-за дисбаланса колес.  
   - Жесткое подключение полного привода (Part-Time), что неудобно для городской эксплуатации.

2. Качество сборки и электроники  
   - Конденсат в фарах после мойки.  
   - Ошибки в системе круиз-контроля и шум электроподножек.  
   - Низкое разрешение камеры заднего вида.

3. Недоработки в салоне  
   - Глянцевый пластик, который быстро пачкается.  
   - Тесный третий ряд сидений.  
   - Отсутствие доводчика задней двери.

4. Сервисное обслуживание  
   - Длительный ремонт (например, ожидание запчастей из Пекина).  
   - Недостаточная поддержка по горячей линии.

Итог
BAIC BJ60 подойдет любителям больших внедорожников, готовым мириться с типичными для китайских авто «детскими болезнями». Его сильные стороны — дизайн, экономичность дизельной версии и внедорожный потенциал. Однако проблемы с электроникой и качеством обслуживания могут отпугнуть требовательных покупателей. Для города лучше рассмотреть альтернативы с полноценным полным приводом (например, Tank 500), а BJ60 стоит выбирать для активного отдыха.",BAIC,BJ60
5,2025-03-05,Обзор Dongfeng Mengshi M-Hero 917: плюсы и минусы,"Dongfeng Mengshi M-Hero 917 — амбициозный китайский внедорожник, сочетающий военную выносливость с технологиями премиум-класса. На основе анализа отзывов и обзоров выделим ключевые преимущества и недостатки модели.

Плюсы  
1. Мощность и динамика  
   - Гибридная версия (EREV) развивает 816 л.с., а полностью электрическая (BEV) — 1088 л.с., обеспечивая разгон до 100 км/ч за 4.2–6 секунд.  
   - Режим «Краб» с поворотом задних колес на 10.6° сокращает радиус разворота до 5.1 м, упрощая маневрирование в городе.  

2. Проходимость  
   - Регулируемая пневмоподвеска меняет клиренс от 21 см до 33 см, а угол въезда достигает 45°.  
   - Полный привод с блокировкой дифференциалов и системами ESP/ABS адаптирован для бездорожья.  

3. Технологии и комфорт  
   - Три экрана (приборная панель, сенсорный дисплей, экран пассажира), 5G-модем и тепловизор.  
   - Кожаный салон Nappa с вентиляцией, подогревом и массажем для всех рядов.  
   - Премиальная аудиосистема DynAudio на 16 динамиков.  

4. Запас хода  
   - Гибридная версия (EREV) преодолевает до 1032 км благодаря ДВС-генератору, а BEV — 505 км на одной зарядке.  

Минусы  
1. Вес и габариты  
   - Масса 3.3 тонны ухудшает управляемость на асфальте и увеличивает расход энергии.  
   - Габариты (длина 5 м, ширина 2.08 м) затрудняют парковку в городе.  

2. Ограничения электрической версии  
   - Запас хода BEV (505 км) проигрывает конкурентам в премиум-сегменте.  
   - Высокая цена — от $90 000 (гибрид) до $100 000 (BEV).  

3. Эргономика и обзорность  
   - Камеры вместо боковых зеркал создают дискомфорт при привыкании.  
   - Массивные стойки кузова ухудшают обзор.  

4. Практичность  
   - Ограниченный багажник (не более 500 л) из-за рамной платформы.  
   - Сложности с сервисом: мало официальных дилеров в СНГ.  

Итог  
Mengshi M-Hero 917 — техника для энтузиастов бездорожья, готовых мириться с его габаритами и ценой. Гибридная версия предпочтительнее для дальних поездок, а BEV подойдет фанатам электромобилей. Однако для повседневной эксплуатации в городе модель избыточна, а сервисная сеть требует развития.",Dongfeng,Mengshi M-Hero 917
6,2025-03-05,Обзор BYD Sea Lion 05: плюсы и минусы,"BYD Sea Lion 05 — гибридный кроссовер, сочетающий инновационные технологии и практичность. На основе анализа отзывов и технических данных выделим его ключевые преимущества и недостатки.

Плюсы BYD Sea Lion 05
1. Рекордный запас хода  
   Гибридная система DM-i пятого поколения обеспечивает запас хода до 2000 км на одном баке и заряде. В режиме электромобиля пробег достигает 75–115 км (по данным Минпромторга).

2. Экономичность  
   Средний расход топлива — 1.86–2.97 л/100 км в гибридном режиме. Энергопотребление — 13.1–15.8 кВт·ч/100 км.

3. Современные системы помощи водителю  
   Оснащен адаптивным круиз-контролем, автоудержанием (AUTOHOLD), системой предотвращения столкновений и уровнем автономности L2.

4. Дизайн и эргономика  
   - Морская тематика в экстерьере: волнообразная решетка радиатора, обтекаемые линии кузова.  
   - Открывающаяся панорамная крыша и спортивный пакет дизайна.  
   - Просторный салон с регулируемыми сиденьями и 2712 мм колесной базой.

5. Технологии комфорта  
   - Полноценный ЖК-дисплей приборной панели (8.8 дюйма).  
   - Многоцветная подсветка салона, подогрев и вентиляция сидений.  
   - Функция дистанционного включения климат-контроля через приложение.

Минусы BYD Sea Lion 05
1. Ограничения электропробега в холода  
   Зимой запас хода на электротяге снижается до 500 км (против 550–650 км в теплое время года).

2. Особенности управления  
   - Слишком легкий руль даже в спортивном режиме, что требует частой корректировки на скорости.  
   - Жестковатая подвеска на неровных дорогах.

3. Недостатки обзора и шумоизоляции  
   - Узкое поле зрения внутреннего зеркала заднего вида.  
   - Шум от шин на скорости выше 120 км/ч.

4. Вторичность интерьера  
   Дизайн салона повторяет другие модели BYD (например, Denza N7), что может разочаровать поклонников уникальных решений.

5. Ценовая политика  
   Стоимость в России стартует от 2.5 млн рублей, что выше некоторых аналогов (например, Toyota RAV4 Hybrid).

Итог
BYD Sea Lion 05 выделяется на фоне конкурентов (Toyota RAV4 Prime, Hyundai Tucson PHEV) за счет уникального запаса хода и технологичности. Однако некоторые решения, такие как упрощенный дизайн интерьера и особенности подвески, требуют внимания при выборе. Модель подойдет тем, кто ценит инновации и готов мириться с небольшими компромиссами в комфорте.",BYD,Sea Lion 05
7,2025-03-05,Обзор Jetour Shanhai L7: плюсы и минусы,"Плюсы Jetour Shanhai L7  
Дизайн и внешний вид  
- Стильный экстерьер с закрытой решеткой радиатора, светодиодными фарами и динамичной задней частью.  
- 19-дюймовые алюминиевые диски и хромированные акценты добавляют современности.  

Салон и комфорт  
- Просторный интерьер с минимализмом и передовыми технологиями: два 12,3-дюймовых экрана (приборная панель и мультимедия).  
- Кожаный руль с подогревом, сиденья из кожзаменителя с подогревом, вентиляцией и памятью настроек.  
- Вместительный багажник (до 1688 л) и удобный второй ряд для пассажиров ростом до 180 см.  

Технологии и безопасность  
- Гибридная система Kunpeng C-DM с 1,5-литровым турбомотором и электродвигателем: мощность 199 кВт, крутящий момент 395 Н·м.  
- Дальность хода до 1300 км (гибридный режим) и 120 км на электротяге.  
- Современные системы безопасности: адаптивный круиз-контроль, удержание в полосе, автономное вождение L2.  
- Удалённое управление через мобильное приложение (климат, запуск двигателя).  

Экономичность  
- Низкий расход топлива — 1,35 л/100 км в гибридном режиме.  

Минусы Jetour Shanhai L7  
Цена  
- Высокая стоимость (около 3–4 млн рублей), что может быть недостатком для некоторых покупателей.  

Отделка салона  
- Устаревший формат управления климат-контролем (физические колечки вместо сенсорного экрана).  

Ограничения на рынке  
- На момент обзора модель официально не представлена в России, что может затруднить сервисное обслуживание.  

Возможные недостатки  
- В базовой модели Jetour X70 отмечались проблемы с гарантией на ЛКП и инерцией педали газа, но для Shanhai L7 эти аспекты не подтверждены.  

Особенности конструкции  
- Передний привод и отсутствие полного привода, что может ограничить проходимость.",Jetour,Shanhai L7
8,2025-03-05,Обзор FAW Bestune T77: плюсы и минусы,"На основе отзывов владельцев и тест-драйвов, можно выделить следующие плюсы и минусы FAW Bestune T77:

Плюсы:

- Привлекательный современный дизайн экстерьера
- Просторный и комфортный салон, особенно на заднем ряду
- Качественные материалы отделки в салоне
- Хорошая шумоизоляция
- Энергоемкая подвеска, обеспечивающая комфортную езду
- Уверенная динамика и тяговитый турбомотор
- Хорошая управляемость и устойчивость на дороге
- Богатое оснащение даже в базовых комплектациях
- Адекватный расход топлива
- Привлекательное соотношение цена/качество

Минусы:

- Отсутствие полного привода
- Небольшой объем багажника (375 л)
- Отсутствие поддержки Apple CarPlay и Android Auto
- Не самая высокая оценка безопасности в краш-тестах
- Жестковатая подвеска на крупных неровностях
- Руль регулируется только по высоте
- Нестабильная работа мультимедийной системы у некоторых владельцев
- Запах пластика в новом автомобиле
- Небольшой топливный бак (45 л)
- Отсутствие обогрева лобового стекла и руля даже в максимальной комплектации

В целом, FAW Bestune T77 воспринимается владельцами как достойный автомобиль с хорошим соотношением цены и качества, предлагающий современный дизайн, комфорт и неплохую динамику. Основные нарекания связаны с отсутствием полного привода и некоторыми эргономическими недочетами.",FAW,Bestune T77
9,2025-03-05,Обзор iCar V23: плюсы и минусы,"На основе доступной информации из отзывов пользователей, вот основные плюсы и минусы автомобиля iCar V23:

Плюсы:

1. Стильный и оригинальный дизайн в ретро-стиле
2. Компактные размеры, удобные для городской эксплуатации
3. Высокий клиренс (212 мм) и хорошая геометрическая проходимость
4. Просторный салон для своего класса
5. Современная мультимедийная система с 15,4-дюймовым экраном
6. Хорошая динамика разгона и плавность хода
7. Достойный запас хода (до 500 км в городском цикле)
8. Наличие полноприводных версий
9. Конкурентоспособная цена для своего сегмента
10. Продвинутые системы помощи водителю (ADAS)

Минусы:

1. Ограниченная доступность за пределами Китая
2. Небольшой объем багажника (234 л с поднятыми сиденьями)
3. Отсутствие полноразмерного запасного колеса
4. Тяжелое рулевое управление по мнению некоторых пользователей
5. Неудобное расположение кнопок стеклоподъемников
6. Ограниченная максимальная скорость (140 км/ч)
7. Недостаточно эффективная система обогрева в холодную погоду
8. Неудобное расположение порта для зарядки (спереди)
9. Ограниченный выбор цветов кузова
10. Отсутствие длительной истории и репутации бренда на рынке электромобилей

Важно отметить, что iCar V23 - относительно новая модель на рынке, и некоторые аспекты могут быть улучшены в будущих обновлениях. Кроме того, восприятие многих характеристик может быть субъективным и зависеть от индивидуальных предпочтений пользователей.",iCar,V23
10,2025-03-05,Обзор Lynk & Co 6: плюсы и минусы,"На основе отзывов владельцев, вот основные плюсы и минусы автомобиля Lynk & Co 06:

Плюсы

- Привлекательный и стильный дизайн экстерьера
- Просторный и комфортный салон
- Хорошая динамика и отзывчивость двигателя
- Качественная сборка и материалы отделки
- Современная мультимедийная система с большим экраном
- Плавный ход и хорошая управляемость
- Низкий расход топлива в гибридной версии
- Богатое оснащение и функциональность
- Конкурентоспособная цена для своего класса

Минусы

- Небольшой багажник
- Высокий расход топлива в бензиновой версии
- Вибрации и шум двигателя в некоторых режимах (для гибридной версии)
- Отсутствие подогрева руля в некоторых комплектациях
- Сложная система управления некоторыми функциями
- Недостаточно мощная аудиосистема в базовых версиях
- Ограниченная сеть сервисного обслуживания
- Возможные проблемы с запотеванием оптики
- Чувствительность к качеству топлива
- Белый интерьер быстро загрязняется (в некоторых комплектациях)

В целом, Lynk & Co 06 получает положительные отзывы за дизайн, комфорт и технологичность, но есть некоторые нарекания по практичности и отдельным аспектам эксплуатации.",Lynk,& Co 6
11,2025-03-05,Обзор IM Motors (Zhiji) LS6: плюсы и минусы,"На основе отзывов пользователей, вот основные плюсы и минусы автомобиля IM Motors (Zhiji) LS6:

Плюсы:

- Просторный и комфортабельный салон с качественными материалами отделки
- Высокая производительность и динамика разгона (до 787 л.с. в топовой версии)
- Большой запас хода (более 750 км)
- Современные технологии и высокий уровень оснащения
- Стильный дизайн экстерьера и интерьера
- Хорошая управляемость и устойчивость на высоких скоростях
- Эффективная система рекуперативного торможения
- Быстрая зарядка (до 500 км за 15 минут)
- Низкий коэффициент аэродинамического сопротивления (0,237)

Минусы:

- Отсутствие вентиляции сидений в базовых комплектациях
- Некоторые пользователи отмечают сложности с парковкой из-за габаритов
- Отсутствие встроенного видеорегистратора
- Недостаточно эффективная шумоизоляция на высоких скоростях
- Ограниченный выбор приложений в бортовой системе
- Некоторые пользователи сообщают о мелких программных багах
- Высокая стоимость в топовых комплектациях
- Отсутствие заднего стеклоочистителя

В целом, IM Motors (Zhiji) LS6 получает положительные отзывы за свои технические характеристики, комфорт и дизайн, но есть некоторые области для улучшения в плане оснащения и программного обеспечения.",IM,Motors (Zhiji) LS6
12,2025-03-05,Обзор GAC Aion RT: плюсы и минусы,"На основе отзывов пользователей можно выделить следующие плюсы и минусы автомобиля GAC Aion RT:

Плюсы:

- Элегантный и аэродинамичный дизайн экстерьера с коэффициентом аэродинамического сопротивления 0,208
- Просторный и функциональный интерьер с качественными материалами отделки
- Большой запас хода - до 650 км на одном заряде
- Быстрая зарядка - от 30% до 80% за 18 минут
- Продвинутая система автономного вождения с лидаром и 27 датчиками
- Мощный электродвигатель (до 224 л.с.) с хорошей динамикой разгона
- Низкий расход электроэнергии - около 11,9 кВт⋅ч/100 км
- Конкурентоспособная цена для своего класса

Минусы:

- Отсутствие механических дверных ручек (только выдвижные)
- Недостаточно интуитивное управление некоторыми функциями через сенсорный экран
- Периодические зависания мультимедийной системы
- Недостаточно эффективная шумоизоляция на высоких скоростях
- Ограниченный выбор режимов адаптивного круиз-контроля
- Возможные сложности с автоматической парковкой в тесных пространствах
- Отсутствие люка на крыше в некоторых комплектациях

В целом, GAC Aion RT позиционируется как современный электрический седан с хорошим соотношением цены и качества, предлагающий продвинутые технологии и достойные характеристики. Однако, как и у многих новых моделей, есть некоторые аспекты, требующие доработки в будущих обновлениях.",GAC,Aion RT
13,2025-03-05,Обзор CHERY Tiggo 9: плюсы и минусы,"На основе отзывов владельцев, вот основные плюсы и минусы автомобиля CHERY Tiggo 9:

Плюсы:

1. Мощный двигатель (249 л.с.) с хорошей динамикой разгона.

2. Комфортная и стабильная подвеска.

3. Просторный салон с удобными сиденьями.

4. Большой багажник.

5. Стильный внешний вид.

6. Хорошая шумоизоляция салона.

7. Богатое оснащение и современные технологии (большой экран мультимедиа, проекционный дисплей и т.д.).

8. Качественные материалы отделки.

9. Полный привод.

Минусы:

1. Высокий расход топлива (11-12 л/100 км в реальных условиях).

2. Некоторые эргономические недочеты (неудобное расположение рычага КПП, управление через сенсорный экран).

3. Задержка реакции на педаль газа при старте.

4. Слишком легкий руль, требующий постоянных подруливаний.

5. Низкая чувствительность сенсорного экрана мультимедиа.

6. Сложная система камер кругового обзора, которая может отвлекать.

7. Отсутствие встроенного видеорегистратора в максимальной комплектации.

8. Не самое лучшее качество звука аудиосистемы.

9. Тесный третий ряд сидений в 7-местной версии.

10. Некоторые проблемы с качеством сборки (посторонние шумы, зазоры).

В целом, CHERY Tiggo 9 получает положительные отзывы за комфорт, оснащение и дизайн, но есть нарекания по некоторым аспектам эргономики и расходу топлива.",CHERY,Tiggo 9
14,2025-03-05,Обзор Geely Geome Xingyuan: плюсы и минусы,"На основе доступной информации о Geely Geome Xingyuan, вот основные плюсы и минусы этого автомобиля:

Плюсы

- Доступная цена: Стартовая цена около $11,200, что делает его конкурентоспособным в сегменте бюджетных электромобилей.

- Современный дизайн: Автомобиль имеет привлекательный внешний вид с плавными линиями и стильными элементами.

- Компактные размеры: Идеально подходит для городской езды и парковки.

- Просторный салон: Несмотря на компактные внешние габариты, автомобиль предлагает достаточно места для пассажиров.

- Хорошая комплектация: Оснащен современными технологиями, включая большой сенсорный экран и продвинутую информационно-развлекательную систему.

- Вместительное багажное пространство: Предлагает до 1320 л объема при сложенных задних сиденьях.

- Быстрая зарядка: Поддерживает быструю зарядку, позволяющую зарядить батарею от 30% до 80% примерно за 21 минуту.

Минусы

- Ограниченный запас хода: Максимальный заявленный запас хода 410 км по циклу CLTC, что может быть недостаточно для дальних поездок.

- Отсутствие телескопической регулировки руля: Рулевая колонка регулируется только по высоте.

- Нет заднего стеклоочистителя: Это может ухудшить обзор в плохую погоду.

- Отсутствие подлокотника и подстаканников сзади: Может снизить комфорт для задних пассажиров.

- Нет панорамной крыши: Некоторые пользователи отмечают это как недостаток.

- Ограниченная мощность: Базовая версия имеет мощность всего 78 л.с., что может быть недостаточно для некоторых водителей.

- Отсутствие английского интерфейса: В некоторых версиях интерфейс доступен только на китайском языке.

Важно отметить, что этот автомобиль пока доступен в основном на китайском рынке, и некоторые характеристики могут измениться при выходе на международный рынок.",Geely,Geome Xingyuan
15,2025-03-05,Обзор Haval H7: плюсы и минусы,"На основе отзывов владельцев, можно выделить следующие плюсы и минусы автомобиля Haval H7:

Плюсы:

1. Надежный полный привод с возможностью блокировки заднего дифференциала.

2. Хорошая проходимость на гравийных дорогах и в гололед.

3. Доступная цена для полноприводного автомобиля в своем классе.

4. Просторный и комфортный салон, особенно для людей крупного телосложения.

5. Качественные материалы отделки интерьера.

6. Тяговитый двухлитровый турбированный двигатель (227 л.с.).

7. Плавное переключение 7-ступенчатой роботизированной коробки передач.

8. Комфортная подвеска, хорошо справляющаяся с неровностями.

9. Богатое оснащение даже в базовой комплектации.

10. Адаптация для российского рынка (увеличенный аккумулятор, бачок омывателя и т.д.).

Минусы:

1. Спорный внешний дизайн, который нравится не всем.

2. Отсутствие поддержки Apple CarPlay и Android Auto в мультимедийной системе.

3. Повышенный шум в салоне на скорости выше 100-120 км/ч, особенно ветровой.

4. Небольшой объем багажника (483 л) по сравнению с конкурентами.

5. Высокий уровень пола багажника, неудобный для погрузки тяжелых вещей.

6. Недостаточно четкая обратная связь на руле на высоких скоростях.

7. Относительно высокий расход топлива (около 10 л/100 км в городе).

8. Некоторые важные опции (например, обогрев руля) доступны только за доплату даже в топовых комплектациях.

9. Недостаточное количество USB-портов.

10. Отсутствие противотуманных фар в некоторых комплектациях.",Haval,H7
16,2025-03-05,Обзор Maxus V70: плюсы и минусы,"На основе отзывов владельцев, Maxus V70 представляется как универсальный и практичный автомобиль, который хорошо подходит как для коммерческого использования, так и для семейных нужд.

Внешний вид и интерьер

Владельцы отмечают современный и стильный дизайн V70. Автомобиль выглядит солидно и привлекательно, что нетипично для коммерческих моделей. Интерьер просторный и комфортабельный, с высоким потолком и большим количеством места для пассажиров и груза.

Вместительность и практичность

Главное преимущество V70 - его вместительность. Автомобиль предлагается в различных конфигурациях (от 5 до 9 мест) и способен перевозить значительные объемы груза. Многие владельцы отмечают удобство трансформации салона и наличие множества отсеков для хранения.

Двигатель и расход топлива

V70 оснащается 2,0-литровым турбодизельным двигателем мощностью 125 или 150 л.с.. Владельцы отмечают достаточную мощность для городского использования и перевозки грузов. Средний расход топлива, по отзывам, составляет около 9-9,5 л/100 км, что считается приемлемым для автомобиля такого класса.

Управляемость и комфорт

Несмотря на габариты, V70 демонстрирует хорошую управляемость в городских условиях. Подвеска достаточно комфортная, хотя при пустом кузове может ощущаться некоторая жесткость из-за рессорной конструкции задней оси. Шумоизоляция оценивается как средняя.

Оснащение

Базовая комплектация V70 включает светодиодную оптику, медиасистему с 12,3-дюймовым экраном, систему бесключевого доступа. В более дорогих версиях доступны камеры кругового обзора, подогрев сидений и руля, климат-контроль.

Недостатки

Среди минусов владельцы отмечают отсутствие бензиновых версий (что ограничивает возможности регистрации в некоторых регионах), не самую эффективную работу климатической системы в задней части салона при отсутствии дополнительного кондиционера.

В целом, Maxus V70 воспринимается владельцами как удачный баланс между коммерческим автомобилем и семейным минивэном, предлагающий хорошее соотношение цены, качества и функциональности.",Maxus,V70
